{"nm":"GET SUPPORT JSON","ddd":0,"h":60,"w":176,"meta":{"g":"LottieFiles Figma v88"},"layers":[{"ty":4,"nm":"Rect Motion","sr":1,"st":0,"op":154,"ip":0,"hd":false,"ddd":0,"bm":0,"hasMask":false,"ao":0,"ks":{"a":{"a":1,"k":[{"o":{"x":0.32,"y":0},"i":{"x":0.67,"y":0},"s":[0,2],"t":0},{"o":{"x":0.32,"y":0},"i":{"x":0.67,"y":0},"s":[0,2],"t":3},{"o":{"x":0.33,"y":1},"i":{"x":0.68,"y":1},"s":[10,2],"t":15},{"o":{"x":0.33,"y":1},"i":{"x":0.68,"y":1},"s":[10,2],"t":18},{"o":{"x":0.32,"y":0},"i":{"x":0.67,"y":0},"s":[0,2],"t":30},{"o":{"x":0.32,"y":0},"i":{"x":0.67,"y":0},"s":[0,2],"t":33},{"o":{"x":0.33,"y":1},"i":{"x":0.68,"y":1},"s":[10,2],"t":45},{"o":{"x":0.33,"y":1},"i":{"x":0.68,"y":1},"s":[10,2],"t":48},{"o":{"x":0.32,"y":0},"i":{"x":0.67,"y":0},"s":[0,2],"t":60},{"o":{"x":0.32,"y":0},"i":{"x":0.67,"y":0},"s":[0,2],"t":63},{"o":{"x":0.33,"y":1},"i":{"x":0.68,"y":1},"s":[88,2],"t":93},{"o":{"x":0.33,"y":1},"i":{"x":0.68,"y":1},"s":[88,2],"t":123},{"o":{"x":0,"y":0},"i":{"x":1,"y":1},"s":[0,2],"t":153},{"s":[0,2],"t":156}]},"s":{"a":0,"k":[100,100]},"sk":{"a":0,"k":0},"p":{"a":1,"k":[{"o":{"x":0.32,"y":0},"i":{"x":0.67,"y":0},"s":[0,58],"t":0},{"o":{"x":0.32,"y":0},"i":{"x":0.67,"y":0},"s":[0,58],"t":3},{"o":{"x":0.33,"y":1},"i":{"x":0.68,"y":1},"s":[10,58],"t":15},{"o":{"x":0.33,"y":1},"i":{"x":0.68,"y":1},"s":[10,58],"t":18},{"o":{"x":0.32,"y":0},"i":{"x":0.67,"y":0},"s":[0,58],"t":30},{"o":{"x":0.32,"y":0},"i":{"x":0.67,"y":0},"s":[0,58],"t":33},{"o":{"x":0.33,"y":1},"i":{"x":0.68,"y":1},"s":[10,58],"t":45},{"o":{"x":0.33,"y":1},"i":{"x":0.68,"y":1},"s":[10,58],"t":48},{"o":{"x":0.32,"y":0},"i":{"x":0.67,"y":0},"s":[0,58],"t":60},{"o":{"x":0.32,"y":0},"i":{"x":0.67,"y":0},"s":[0,58],"t":63},{"o":{"x":0.33,"y":1},"i":{"x":0.68,"y":1},"s":[88,58],"t":93},{"o":{"x":0.33,"y":1},"i":{"x":0.68,"y":1},"s":[88,58],"t":123},{"o":{"x":0,"y":0},"i":{"x":1,"y":1},"s":[0,58],"t":153},{"s":[0,58],"t":156}]},"r":{"a":0,"k":0},"sa":{"a":0,"k":0},"o":{"a":0,"k":100}},"shapes":[{"ty":"sh","bm":0,"hd":false,"nm":"","d":1,"ks":{"a":1,"k":[{"o":{"x":0.32,"y":0},"i":{"x":0.67,"y":0},"s":[{"c":true,"i":[[0,0],[0,0],[0,0],[0,0]],"o":[[0,0],[0,0],[0,0],[0,0]],"v":[[0,0],[0,4],[0,4],[0,0]]}],"t":0},{"o":{"x":0.32,"y":0},"i":{"x":0.67,"y":0},"s":[{"c":true,"i":[[0,0],[0,0],[0,0],[0,0]],"o":[[0,0],[0,0],[0,0],[0,0]],"v":[[0,0],[0,4],[0,4],[0,0]]}],"t":3},{"o":{"x":0.33,"y":1},"i":{"x":0.68,"y":1},"s":[{"c":true,"i":[[0,0],[0,0],[0,0],[0,0]],"o":[[0,0],[0,0],[0,0],[0,0]],"v":[[20,0],[20,4],[0,4],[0,0]]}],"t":15},{"o":{"x":0.33,"y":1},"i":{"x":0.68,"y":1},"s":[{"c":true,"i":[[0,0],[0,0],[0,0],[0,0]],"o":[[0,0],[0,0],[0,0],[0,0]],"v":[[20,0],[20,4],[0,4],[0,0]]}],"t":18},{"o":{"x":0.32,"y":0},"i":{"x":0.67,"y":0},"s":[{"c":true,"i":[[0,0],[0,0],[0,0],[0,0]],"o":[[0,0],[0,0],[0,0],[0,0]],"v":[[0,0],[0,4],[0,4],[0,0]]}],"t":30},{"o":{"x":0.32,"y":0},"i":{"x":0.67,"y":0},"s":[{"c":true,"i":[[0,0],[0,0],[0,0],[0,0]],"o":[[0,0],[0,0],[0,0],[0,0]],"v":[[0,0],[0,4],[0,4],[0,0]]}],"t":33},{"o":{"x":0.33,"y":1},"i":{"x":0.68,"y":1},"s":[{"c":true,"i":[[0,0],[0,0],[0,0],[0,0]],"o":[[0,0],[0,0],[0,0],[0,0]],"v":[[20,0],[20,4],[0,4],[0,0]]}],"t":45},{"o":{"x":0.33,"y":1},"i":{"x":0.68,"y":1},"s":[{"c":true,"i":[[0,0],[0,0],[0,0],[0,0]],"o":[[0,0],[0,0],[0,0],[0,0]],"v":[[20,0],[20,4],[0,4],[0,0]]}],"t":48},{"o":{"x":0.32,"y":0},"i":{"x":0.67,"y":0},"s":[{"c":true,"i":[[0,0],[0,0],[0,0],[0,0]],"o":[[0,0],[0,0],[0,0],[0,0]],"v":[[0,0],[0,4],[0,4],[0,0]]}],"t":60},{"o":{"x":0.32,"y":0},"i":{"x":0.67,"y":0},"s":[{"c":true,"i":[[0,0],[0,0],[0,0],[0,0]],"o":[[0,0],[0,0],[0,0],[0,0]],"v":[[0,0],[0,4],[0,4],[0,0]]}],"t":63},{"o":{"x":0.33,"y":1},"i":{"x":0.68,"y":1},"s":[{"c":true,"i":[[0,0],[0,0],[0,0],[0,0]],"o":[[0,0],[0,0],[0,0],[0,0]],"v":[[176,0],[176,4],[0,4],[0,0]]}],"t":93},{"o":{"x":0.33,"y":1},"i":{"x":0.68,"y":1},"s":[{"c":true,"i":[[0,0],[0,0],[0,0],[0,0]],"o":[[0,0],[0,0],[0,0],[0,0]],"v":[[176,0],[176,4],[0,4],[0,0]]}],"t":123},{"o":{"x":0,"y":0},"i":{"x":1,"y":1},"s":[{"c":true,"i":[[0,0],[0,0],[0,0],[0,0]],"o":[[0,0],[0,0],[0,0],[0,0]],"v":[[0,0],[0,4],[0,4],[0,0]]}],"t":153},{"s":[{"c":true,"i":[[0,0],[0,0],[0,0],[0,0]],"o":[[0,0],[0,0],[0,0],[0,0]],"v":[[0,0],[0,4],[0,4],[0,0]]}],"t":156}]}},{"ty":"fl","bm":0,"hd":false,"nm":"","c":{"a":0,"k":[0.604,0.8118,0.804]},"r":1,"o":{"a":0,"k":100}}],"ind":1},{"ty":4,"nm":"Rect Motion","sr":1,"st":0,"op":154,"ip":0,"hd":false,"ddd":0,"bm":0,"hasMask":false,"ao":0,"ks":{"a":{"a":0,"k":[88,2]},"s":{"a":0,"k":[100,100]},"sk":{"a":0,"k":0},"p":{"a":0,"k":[88,58]},"r":{"a":0,"k":0},"sa":{"a":0,"k":0},"o":{"a":0,"k":100}},"shapes":[{"ty":"sh","bm":0,"hd":false,"nm":"","d":1,"ks":{"a":0,"k":{"c":true,"i":[[0,0],[0,0],[0,0],[0,0]],"o":[[0,0],[0,0],[0,0],[0,0]],"v":[[176,0],[176,4],[0,4],[0,0]]}}},{"ty":"fl","bm":0,"hd":false,"nm":"","c":{"a":1,"k":[{"o":{"x":0.32,"y":0},"i":{"x":0.67,"y":0},"s":[0.0667,0.2706,0.2628],"t":0},{"o":{"x":0.32,"y":0},"i":{"x":0.67,"y":0},"s":[0.0667,0.2706,0.2628],"t":3},{"o":{"x":0.33,"y":1},"i":{"x":0.68,"y":1},"s":[0,0.3084,0.3084],"t":15},{"o":{"x":0.33,"y":1},"i":{"x":0.68,"y":1},"s":[0,0.3084,0.3084],"t":18},{"o":{"x":0.32,"y":0},"i":{"x":0.67,"y":0},"s":[0.0667,0.2706,0.2628],"t":30},{"o":{"x":0.32,"y":0},"i":{"x":0.67,"y":0},"s":[0.0667,0.2706,0.2628],"t":33},{"o":{"x":0.33,"y":1},"i":{"x":0.68,"y":1},"s":[0,0.3084,0.3084],"t":45},{"o":{"x":0.33,"y":1},"i":{"x":0.68,"y":1},"s":[0,0.3084,0.3084],"t":48},{"o":{"x":0.32,"y":0},"i":{"x":0.67,"y":0},"s":[0.0667,0.2706,0.2628],"t":60},{"o":{"x":0.32,"y":0},"i":{"x":0.67,"y":0},"s":[0.0667,0.2706,0.2628],"t":63},{"o":{"x":0.33,"y":1},"i":{"x":0.68,"y":1},"s":[0,0.3084,0.3084],"t":93},{"o":{"x":0.33,"y":1},"i":{"x":0.68,"y":1},"s":[0,0.3084,0.3084],"t":123},{"o":{"x":0,"y":0},"i":{"x":1,"y":1},"s":[0.0667,0.2706,0.2628],"t":153},{"s":[0.0667,0.2706,0.2628],"t":156}]},"r":1,"o":{"a":0,"k":100}}],"ind":2},{"ty":0,"nm":"New - Nav - Button","sr":1,"st":0,"op":154,"ip":0,"hd":false,"ddd":0,"bm":0,"hasMask":false,"ao":0,"ks":{"a":{"a":0,"k":[88,30]},"s":{"a":0,"k":[100,100]},"sk":{"a":0,"k":0},"p":{"a":0,"k":[88,30]},"r":{"a":0,"k":0},"sa":{"a":0,"k":0},"o":{"a":0,"k":100}},"w":176,"h":60,"refId":"1","ind":3}],"v":"5.7.0","fr":60,"op":153,"ip":0,"assets":[{"nm":"[Asset] New - Nav - Button","id":"1","layers":[{"ty":0,"nm":"Button - Inner - Old","sr":1,"st":0,"op":154,"ip":0,"hd":false,"ddd":0,"bm":0,"hasMask":false,"ao":0,"ks":{"a":{"a":0,"k":[53,24.75]},"s":{"a":0,"k":[100,100]},"sk":{"a":0,"k":0},"p":{"a":0,"k":[87.5,29.75]},"r":{"a":0,"k":0},"sa":{"a":0,"k":0},"o":{"a":0,"k":100}},"w":176,"h":60,"refId":"2","ind":1},{"ty":4,"nm":"New - Nav - Button Bg","sr":1,"st":0,"op":154,"ip":0,"hd":false,"ddd":0,"bm":0,"hasMask":false,"ao":0,"ks":{"a":{"a":0,"k":[88,30]},"s":{"a":0,"k":[100,100]},"sk":{"a":0,"k":0},"p":{"a":0,"k":[88,30]},"r":{"a":0,"k":0},"sa":{"a":0,"k":0},"o":{"a":0,"k":100}},"shapes":[{"ty":"sh","bm":0,"hd":false,"nm":"","d":1,"ks":{"a":0,"k":{"c":true,"i":[[0,0],[0,0],[0,0],[0,0]],"o":[[0,0],[0,0],[0,0],[0,0]],"v":[[176,0],[176,60],[0,60],[0,0]]}}},{"ty":"gf","bm":0,"hd":false,"nm":"","e":{"a":1,"k":[{"o":{"x":0.32,"y":0},"i":{"x":0.67,"y":0},"s":[-118,80.45],"t":0},{"o":{"x":0.32,"y":0},"i":{"x":0.67,"y":0},"s":[-118,80.45],"t":3},{"o":{"x":0.33,"y":1},"i":{"x":0.68,"y":1},"s":[-118,80.45],"t":15},{"o":{"x":0.33,"y":1},"i":{"x":0.68,"y":1},"s":[-118,80.45],"t":18},{"o":{"x":0.32,"y":0},"i":{"x":0.67,"y":0},"s":[-118,80.45],"t":30},{"o":{"x":0.32,"y":0},"i":{"x":0.67,"y":0},"s":[-118,80.45],"t":33},{"o":{"x":0.33,"y":1},"i":{"x":0.68,"y":1},"s":[-118,80.45],"t":45},{"o":{"x":0.33,"y":1},"i":{"x":0.68,"y":1},"s":[-118,80.45],"t":48},{"o":{"x":0.32,"y":0},"i":{"x":0.67,"y":0},"s":[-118,80.45],"t":60},{"o":{"x":0.32,"y":0},"i":{"x":0.67,"y":0},"s":[-118,80.45],"t":63},{"o":{"x":0.33,"y":1},"i":{"x":0.68,"y":1},"s":[-118,80.45],"t":93},{"o":{"x":0.33,"y":1},"i":{"x":0.68,"y":1},"s":[-118,80.45],"t":123},{"o":{"x":0,"y":0},"i":{"x":1,"y":1},"s":[-118,80.45],"t":153},{"s":[-118,80.45],"t":156}]},"g":{"p":2,"k":{"a":0,"k":[0,0.059294117647058824,0.4745490196078432,0.6006274509803922,1,0.01984313725490196,0.15850980392156863,0.20062745098039214]}},"t":1,"a":{"a":0,"k":0},"h":{"a":0,"k":0},"s":{"a":1,"k":[{"o":{"x":0.32,"y":0},"i":{"x":0.67,"y":0},"s":[-118,0],"t":0},{"o":{"x":0.32,"y":0},"i":{"x":0.67,"y":0},"s":[-118,0],"t":3},{"o":{"x":0.33,"y":1},"i":{"x":0.68,"y":1},"s":[-118,0],"t":15},{"o":{"x":0.33,"y":1},"i":{"x":0.68,"y":1},"s":[-118,0],"t":18},{"o":{"x":0.32,"y":0},"i":{"x":0.67,"y":0},"s":[-118,0],"t":30},{"o":{"x":0.32,"y":0},"i":{"x":0.67,"y":0},"s":[-118,0],"t":33},{"o":{"x":0.33,"y":1},"i":{"x":0.68,"y":1},"s":[-118,0],"t":45},{"o":{"x":0.33,"y":1},"i":{"x":0.68,"y":1},"s":[-118,0],"t":48},{"o":{"x":0.32,"y":0},"i":{"x":0.67,"y":0},"s":[-118,0],"t":60},{"o":{"x":0.32,"y":0},"i":{"x":0.67,"y":0},"s":[-118,0],"t":63},{"o":{"x":0.33,"y":1},"i":{"x":0.68,"y":1},"s":[-118,0],"t":93},{"o":{"x":0.33,"y":1},"i":{"x":0.68,"y":1},"s":[-118,0],"t":123},{"o":{"x":0,"y":0},"i":{"x":1,"y":1},"s":[-118,0],"t":153},{"s":[-118,0],"t":156}]},"r":1,"o":{"a":0,"k":100}}],"ind":2}]},{"nm":"[Asset] Button - Inner - Old","id":"2","layers":[{"ty":4,"nm":"Shop Now Copy","sr":1,"st":0,"op":154,"ip":0,"hd":false,"ddd":0,"bm":0,"hasMask":false,"ao":0,"ks":{"a":{"a":0,"k":[53,16.5]},"s":{"a":0,"k":[100,100]},"sk":{"a":0,"k":0},"p":{"a":0,"k":[53,24.75]},"r":{"a":0,"k":0},"sa":{"a":0,"k":0},"o":{"a":0,"k":100}},"shapes":[{"ty":"sh","bm":0,"hd":false,"nm":"","d":1,"ks":{"a":0,"k":{"c":true,"i":[[0,0],[0,0],[0,0],[0.72,-0.12],[0.91,0],[0.9,0.52],[0.47,0.98],[0,1.42],[-0.53,0.98],[-0.98,0.54],[-1.43,0],[-0.65,-0.14],[-0.54,-0.24],[0,0],[0.54,0.13],[0.58,0],[0.64,-0.38],[0.35,-0.71],[0,-0.95],[-0.26,-0.71],[-0.58,-0.4],[-0.92,0],[-0.23,0.02],[-0.19,0.04],[-0.18,0.04],[0,0],[0,0],[0,0]],"o":[[0,0],[0,0],[-0.68,0.23],[-0.72,0.12],[-1.3,0],[-0.9,-0.52],[-0.47,-0.98],[0,-1.34],[0.53,-0.98],[1,-0.54],[0.7,0],[0.66,0.13],[0,0],[-0.41,-0.2],[-0.53,-0.14],[-0.88,0],[-0.64,0.38],[-0.34,0.7],[0,0.91],[0.26,0.7],[0.58,0.38],[0.31,0],[0.24,-0.02],[0.2,-0.04],[0,0],[0,0],[0,0],[0,0]],"v":[[6.92,15.94],[11.78,15.94],[11.78,22.48],[9.67,23],[7.23,23.18],[3.93,22.41],[1.88,20.16],[1.18,16.56],[1.97,13.06],[4.24,10.78],[7.87,9.97],[9.89,10.18],[11.69,10.74],[10.9,12.63],[9.48,12.13],[7.82,11.91],[5.55,12.49],[4.08,14.13],[3.57,16.59],[3.97,19.02],[5.23,20.66],[7.48,21.24],[8.29,21.2],[8.94,21.11],[9.51,21],[9.51,17.91],[6.92,17.91],[6.92,15.94]]}}},{"ty":"sh","bm":0,"hd":false,"nm":"","d":1,"ks":{"a":0,"k":{"c":true,"i":[[0,0],[-0.62,-0.36],[-0.35,-0.66],[0,-0.94],[0,0],[0,0],[-0.47,-0.49],[-0.83,0],[-0.49,0.12],[-0.53,0.24],[0,0],[0.52,-0.11],[0.72,0],[0.74,0.36],[0.42,0.74],[0,1.1],[-0.37,0.76],[-0.67,0.38],[-0.9,0]],"o":[[0.88,0],[0.64,0.35],[0.35,0.65],[0,0],[0,0],[0.02,0.89],[0.47,0.48],[0.64,0],[0.5,-0.13],[0,0],[-0.48,0.23],[-0.52,0.11],[-0.95,0],[-0.73,-0.37],[-0.41,-0.74],[0,-1.12],[0.38,-0.77],[0.67,-0.4],[0,0]],"v":[[18.56,13.06],[20.81,13.6],[22.28,15.12],[22.81,17.49],[22.81,18.64],[16.36,18.64],[17.1,20.71],[19.04,21.43],[20.74,21.25],[22.28,20.7],[22.28,22.51],[20.79,23.02],[18.94,23.18],[16.4,22.64],[14.67,20.97],[14.06,18.19],[14.62,15.39],[16.2,13.66],[18.56,13.06]]}}},{"ty":"sh","bm":0,"hd":false,"nm":"","d":1,"ks":{"a":0,"k":{"c":true,"i":[[0,0],[0.38,-0.4],[0.07,-0.77],[0,0],[0.16,0.35],[0.3,0.19],[0.47,0]],"o":[[-0.6,0],[-0.37,0.38],[0,0],[0,-0.46],[-0.14,-0.35],[-0.3,-0.2],[0,0]],"v":[[18.56,14.74],[17.08,15.33],[16.42,17.06],[20.61,17.06],[20.38,15.85],[19.71,15.04],[18.56,14.74]]}}},{"ty":"sh","bm":0,"hd":false,"nm":"","d":1,"ks":{"a":0,"k":{"c":true,"i":[[0,0],[-0.26,0.05],[-0.23,0.07],[0,0],[0.38,-0.07],[0.42,0],[0.46,0.18],[0.28,0.46],[0,0.82],[0,0],[0,0],[0,0],[0,0],[0,0],[0,0],[0,0],[0,0],[0,0],[0,0],[0,0],[-0.24,-0.23],[-0.38,0]],"o":[[0.29,0],[0.26,-0.06],[0,0],[-0.24,0.11],[-0.38,0.08],[-0.55,0],[-0.44,-0.19],[-0.26,-0.46],[0,0],[0,0],[0,0],[0,0],[0,0],[0,0],[0,0],[0,0],[0,0],[0,0],[0,0],[0,0.46],[0.24,0.22],[0,0]],"v":[[28.87,21.36],[29.7,21.29],[30.44,21.09],[30.44,22.78],[29.5,23.05],[28.3,23.18],[26.79,22.91],[25.71,21.94],[25.31,20.03],[25.31,14.95],[24,14.95],[24,13.96],[25.44,13.17],[26.16,11.1],[27.58,11.1],[27.58,13.24],[30.35,13.24],[30.35,14.95],[27.58,14.95],[27.58,20.01],[27.94,21.04],[28.87,21.36]]}}},{"ty":"sh","bm":0,"hd":false,"nm":"","d":1,"ks":{"a":0,"k":{"c":true,"i":[[0,0],[0.37,-0.55],[0.71,-0.3],[0.97,0],[0.43,0.06],[0.38,0.11],[0.32,0.16],[0,0],[-0.65,-0.2],[-0.67,0],[-0.32,0.13],[-0.16,0.24],[0,0.32],[0.2,0.25],[0.4,0.22],[0.59,0.24],[0.38,0.2],[0.3,0.3],[0.18,0.41],[0,0.55],[-0.35,0.53],[-0.64,0.28],[-0.85,0],[-0.6,-0.14],[-0.59,-0.26],[0,0],[0.49,0.13],[0.52,0],[0.29,-0.13],[0.14,-0.23],[0,-0.3],[-0.18,-0.24],[-0.37,-0.22],[-0.6,-0.26],[-0.48,-0.32],[-0.26,-0.46],[0,-0.67]],"o":[[0,0.76],[-0.37,0.55],[-0.7,0.3],[-0.47,0],[-0.42,-0.05],[-0.37,-0.11],[0,0],[0.54,0.24],[0.65,0.19],[0.52,0],[0.34,-0.14],[0.16,-0.25],[0,-0.36],[-0.2,-0.25],[-0.4,-0.22],[-0.4,-0.17],[-0.37,-0.22],[-0.3,-0.3],[-0.18,-0.41],[0,-0.73],[0.36,-0.53],[0.65,-0.28],[0.68,0],[0.6,0.14],[0,0],[-0.53,-0.23],[-0.49,-0.13],[-0.41,0],[-0.29,0.12],[-0.14,0.23],[0,0.35],[0.18,0.24],[0.38,0.2],[0.7,0.3],[0.48,0.32],[0.26,0.46],[0,0]],"v":[[44.77,19.49],[44.21,21.45],[42.59,22.73],[40.09,23.18],[38.74,23.09],[37.53,22.86],[36.49,22.46],[36.49,20.3],[38.27,20.97],[40.25,21.25],[41.51,21.06],[42.25,20.48],[42.48,19.62],[42.18,18.7],[41.28,18],[39.8,17.31],[38.63,16.75],[37.62,15.98],[36.9,14.92],[36.63,13.48],[37.15,11.59],[38.65,10.38],[40.9,9.97],[42.82,10.18],[44.61,10.8],[43.87,12.65],[42.34,12.11],[40.83,11.91],[39.78,12.11],[39.13,12.63],[38.92,13.42],[39.19,14.31],[40.02,14.99],[41.49,15.69],[43.26,16.63],[44.37,17.8],[44.77,19.49]]}}},{"ty":"sh","bm":0,"hd":false,"nm":"","d":1,"ks":{"a":0,"k":{"c":true,"i":[[0,0],[0,0],[0,0],[0,0],[0,0],[0.32,-0.22],[0.38,-0.1],[0.41,0],[0.53,0.25],[0.28,0.52],[0,0.83],[0,0],[0,0],[0,0],[-0.29,-0.37],[-0.62,0],[-0.35,0.25],[-0.14,0.49],[0,0.72],[0,0],[0,0]],"o":[[0,0],[0,0],[0,0],[0,0],[-0.2,0.34],[-0.32,0.2],[-0.38,0.11],[-0.72,0],[-0.53,-0.25],[-0.28,-0.53],[0,0],[0,0],[0,0],[0,0.72],[0.29,0.36],[0.61,0],[0.35,-0.26],[0.14,-0.49],[0,0],[0,0],[0,0]],"v":[[55.64,13.24],[55.64,23],[53.85,23],[53.55,21.74],[53.44,21.74],[52.65,22.57],[51.59,23.02],[50.4,23.18],[48.53,22.8],[47.32,21.65],[46.91,19.62],[46.91,13.24],[49.17,13.24],[49.17,19.17],[49.61,20.8],[50.97,21.34],[52.41,20.97],[53.15,19.83],[53.37,18.01],[53.37,13.24],[55.64,13.24]]}}},{"ty":"sh","bm":0,"hd":false,"nm":"","d":1,"ks":{"a":0,"k":{"c":true,"i":[[0,0],[-0.7,-0.85],[0,-1.67],[0.32,-0.76],[0.58,-0.38],[0.77,0],[0.36,0.12],[0.25,0.19],[0.18,0.23],[0,0],[-0.02,-0.28],[0,-0.24],[0,0],[0,0],[0,0],[0,0],[0,0],[0,0],[-0.25,0.22],[-0.36,0.13],[-0.48,0]],"o":[[1.14,0],[0.7,0.84],[0,1.1],[-0.32,0.76],[-0.58,0.38],[-0.47,0],[-0.36,-0.13],[-0.25,-0.2],[0,0],[0.05,0.22],[0.02,0.26],[0,0],[0,0],[0,0],[0,0],[0,0],[0,0],[0.18,-0.28],[0.26,-0.23],[0.37,-0.13],[0,0]],"v":[[63.66,13.06],[66.41,14.34],[67.46,18.1],[66.97,20.89],[65.62,22.6],[63.6,23.18],[62.36,23],[61.44,22.51],[60.8,21.87],[60.65,21.87],[60.76,22.6],[60.8,23.36],[60.8,27.32],[58.53,27.32],[58.53,13.24],[60.36,13.24],[60.69,14.54],[60.8,14.54],[61.44,13.8],[62.38,13.26],[63.66,13.06]]}}},{"ty":"sh","bm":0,"hd":false,"nm":"","d":1,"ks":{"a":0,"k":{"c":true,"i":[[0,0],[0.32,-0.22],[0.14,-0.43],[0.01,-0.65],[0,0],[-0.13,-0.48],[-0.32,-0.25],[-0.56,0],[-0.3,0.26],[-0.14,0.48],[0,0.67],[0.35,0.55],[0.73,0]],"o":[[-0.53,0],[-0.32,0.2],[-0.14,0.43],[0,0],[0,0.7],[0.14,0.48],[0.34,0.25],[0.48,0],[0.31,-0.26],[0.16,-0.49],[0,-1.01],[-0.34,-0.55],[0,0]],"v":[[63.01,14.9],[61.73,15.22],[61.03,16.18],[60.8,17.8],[60.8,18.09],[60.99,19.85],[61.7,20.95],[63.05,21.33],[64.22,20.93],[64.9,19.81],[65.13,18.07],[64.61,15.73],[63.01,14.9]]}}},{"ty":"sh","bm":0,"hd":false,"nm":"","d":1,"ks":{"a":0,"k":{"c":true,"i":[[0,0],[-0.7,-0.85],[0,-1.67],[0.32,-0.76],[0.58,-0.38],[0.77,0],[0.36,0.12],[0.25,0.19],[0.18,0.23],[0,0],[-0.02,-0.28],[0,-0.24],[0,0],[0,0],[0,0],[0,0],[0,0],[0,0],[-0.25,0.22],[-0.36,0.13],[-0.48,0]],"o":[[1.14,0],[0.7,0.84],[0,1.1],[-0.32,0.76],[-0.58,0.38],[-0.47,0],[-0.36,-0.13],[-0.25,-0.2],[0,0],[0.05,0.22],[0.02,0.26],[0,0],[0,0],[0,0],[0,0],[0,0],[0,0],[0.18,-0.28],[0.26,-0.23],[0.37,-0.13],[0,0]],"v":[[74.92,13.06],[77.68,14.34],[78.72,18.1],[78.24,20.89],[76.89,22.6],[74.87,23.18],[73.63,23],[72.71,22.51],[72.06,21.87],[71.92,21.87],[72.03,22.6],[72.06,23.36],[72.06,27.32],[69.79,27.32],[69.79,13.24],[71.63,13.24],[71.95,14.54],[72.06,14.54],[72.71,13.8],[73.65,13.26],[74.92,13.06]]}}},{"ty":"sh","bm":0,"hd":false,"nm":"","d":1,"ks":{"a":0,"k":{"c":true,"i":[[0,0],[0.32,-0.22],[0.14,-0.43],[0.01,-0.65],[0,0],[-0.13,-0.48],[-0.32,-0.25],[-0.56,0],[-0.3,0.26],[-0.14,0.48],[0,0.67],[0.35,0.55],[0.73,0]],"o":[[-0.53,0],[-0.32,0.2],[-0.14,0.43],[0,0],[0,0.7],[0.14,0.48],[0.34,0.25],[0.48,0],[0.31,-0.26],[0.16,-0.49],[0,-1.01],[-0.34,-0.55],[0,0]],"v":[[74.28,14.9],[73,15.22],[72.3,16.18],[72.06,17.8],[72.06,18.09],[72.26,19.85],[72.96,20.95],[74.31,21.33],[75.48,20.93],[76.17,19.81],[76.4,18.07],[75.88,15.73],[74.28,14.9]]}}},{"ty":"sh","bm":0,"hd":false,"nm":"","d":1,"ks":{"a":0,"k":{"c":true,"i":[[0,0],[0.22,-0.62],[0.41,-0.44],[0.59,-0.23],[0.71,0],[0.56,0.22],[0.42,0.43],[0.23,0.62],[0,0.82],[-0.37,0.74],[-0.7,0.38],[-0.96,0],[-0.68,-0.4],[-0.4,-0.76],[0,-1.08]],"o":[[0,0.82],[-0.22,0.62],[-0.4,0.43],[-0.58,0.22],[-0.67,0],[-0.56,-0.23],[-0.41,-0.44],[-0.23,-0.62],[0,-1.08],[0.37,-0.76],[0.71,-0.4],[0.91,0],[0.7,0.38],[0.4,0.74],[0,0]],"v":[[89.77,18.1],[89.45,20.26],[88.51,21.87],[87.04,22.86],[85.11,23.18],[83.26,22.86],[81.78,21.87],[80.83,20.26],[80.49,18.1],[81.04,15.37],[82.65,13.66],[85.15,13.06],[87.54,13.66],[89.18,15.37],[89.77,18.1]]}}},{"ty":"sh","bm":0,"hd":false,"nm":"","d":1,"ks":{"a":0,"k":{"c":true,"i":[[0,0],[-0.16,-0.49],[-0.34,-0.25],[-0.54,0],[-0.34,0.25],[-0.16,0.48],[0,0.68],[0.17,0.47],[0.35,0.24],[0.54,0],[0.37,-0.55],[0,-1.03]],"o":[[0,0.68],[0.17,0.48],[0.35,0.25],[0.55,0],[0.35,-0.25],[0.16,-0.49],[0,-0.7],[-0.16,-0.48],[-0.34,-0.25],[-0.82,0],[-0.36,0.55],[0,0]],"v":[[82.81,18.1],[83.04,19.87],[83.8,20.97],[85.13,21.34],[86.46,20.97],[87.22,19.87],[87.45,18.1],[87.2,16.36],[86.44,15.28],[85.13,14.9],[83.35,15.73],[82.81,18.1]]}}},{"ty":"sh","bm":0,"hd":false,"nm":"","d":1,"ks":{"a":0,"k":{"c":true,"i":[[0,0],[-0.19,-0.01],[-0.13,-0.04],[0,0],[0.18,0.01],[0.13,0],[0.34,-0.12],[0.26,-0.23],[0.16,-0.35],[0,-0.48],[0,0],[0,0],[0,0],[0,0],[0,0],[0,0],[-0.29,0.28],[-0.37,0.17],[-0.43,0]],"o":[[0.14,0],[0.19,0.01],[0,0],[-0.11,-0.02],[-0.17,-0.02],[-0.36,0],[-0.32,0.11],[-0.25,0.22],[-0.14,0.35],[0,0],[0,0],[0,0],[0,0],[0,0],[0,0],[0.19,-0.35],[0.29,-0.29],[0.38,-0.17],[0,0]],"v":[[97.23,13.06],[97.74,13.08],[98.22,13.15],[98.02,15.26],[97.59,15.21],[97.14,15.17],[96.1,15.35],[95.22,15.85],[94.6,16.7],[94.39,17.94],[94.39,23],[92.12,23],[92.12,13.24],[93.87,13.24],[94.19,14.94],[94.3,14.94],[95.02,14],[96.01,13.32],[97.23,13.06]]}}},{"ty":"sh","bm":0,"hd":false,"nm":"","d":1,"ks":{"a":0,"k":{"c":true,"i":[[0,0],[-0.26,0.05],[-0.23,0.07],[0,0],[0.38,-0.07],[0.42,0],[0.46,0.18],[0.28,0.46],[0,0.82],[0,0],[0,0],[0,0],[0,0],[0,0],[0,0],[0,0],[0,0],[0,0],[0,0],[0,0],[-0.24,-0.23],[-0.38,0]],"o":[[0.29,0],[0.26,-0.06],[0,0],[-0.24,0.11],[-0.38,0.08],[-0.55,0],[-0.44,-0.19],[-0.26,-0.46],[0,0],[0,0],[0,0],[0,0],[0,0],[0,0],[0,0],[0,0],[0,0],[0,0],[0,0],[0,0.46],[0.24,0.22],[0,0]],"v":[[103.81,21.36],[104.64,21.29],[105.38,21.09],[105.38,22.78],[104.44,23.05],[103.23,23.18],[101.72,22.91],[100.64,21.94],[100.25,20.03],[100.25,14.95],[98.93,14.95],[98.93,13.96],[100.37,13.17],[101.09,11.1],[102.51,11.1],[102.51,13.24],[105.29,13.24],[105.29,14.95],[102.51,14.95],[102.51,20.01],[102.87,21.04],[103.81,21.36]]}}},{"ty":"fl","bm":0,"hd":false,"nm":"","c":{"a":0,"k":[0.9883,0.9883,0.9883]},"r":1,"o":{"a":0,"k":100}}],"ind":1},{"ty":4,"nm":"Button - Inner - Old Bg","sr":1,"st":0,"op":154,"ip":0,"hd":false,"ddd":0,"bm":0,"hasMask":false,"ao":0,"ks":{"a":{"a":0,"k":[53,24.75]},"s":{"a":0,"k":[100,100]},"sk":{"a":0,"k":0},"p":{"a":0,"k":[53,24.75]},"r":{"a":0,"k":0},"sa":{"a":0,"k":0},"o":{"a":0,"k":100}},"shapes":[{"ty":"sh","bm":0,"hd":false,"nm":"","d":1,"ks":{"a":0,"k":{"c":true,"i":[[0,0],[0,0],[0,0],[0,0]],"o":[[0,0],[0,0],[0,0],[0,0]],"v":[[106,0],[106,49.5],[0,49.5],[0,0]]}}}],"ind":2}]}]}